-- ============ db/data-scale.sql (NEW FILE, 4th <jdbc:script> AFTER data-extra.sql) ============
-- Group-2 scale lift. ADDITIVE ONLY. H2 1.4.200 MODE=MySQL; explicit INSERTs only
-- (no generate_series, no window fns). Never touches products 1-16 / options 1-20 /
-- members 1-3 / coupons 1&3 / orders 101-115.

-- ---------- (A) 40 NEW members: member_id AUTO_INCREMENT from 9 (data-extra ended at 8) ----------
-- grades A/B/C only (members baseline 1-3 untouched). login_id/name unique.
INSERT INTO member (login_id, name, grade, point) VALUES
 ('user09','User Nine','A',9000),('user10','User Ten','B',400),
 ('user11','User Eleven','C',0),('user12','User Twelve','A',12000),
 ('user13','User Thirteen','B',600),('user14','User Fourteen','C',0),
 ('user15','User Fifteen','A',15000),('user16','User Sixteen','B',800),
 ('user17','User Seventeen','C',0),('user18','User Eighteen','A',18000),
 ('user19','User Nineteen','B',900),('user20','User Twenty','C',0),
 ('user21','User Twenty One','A',21000),('user22','User Twenty Two','B',1100),
 ('user23','User Twenty Three','C',0),('user24','User Twenty Four','A',24000),
 ('user25','User Twenty Five','B',1300),('user26','User Twenty Six','C',0),
 ('user27','User Twenty Seven','A',27000),('user28','User Twenty Eight','B',1500),
 ('user29','User Twenty Nine','C',0),('user30','User Thirty','A',30000),
 ('user31','User Thirty One','B',1700),('user32','User Thirty Two','C',0),
 ('user33','User Thirty Three','A',33000),('user34','User Thirty Four','B',1900),
 ('user35','User Thirty Five','C',0),('user36','User Thirty Six','A',36000),
 ('user37','User Thirty Seven','B',2100),('user38','User Thirty Eight','C',0),
 ('user39','User Thirty Nine','A',39000),('user40','User Forty','B',2300),
 ('user41','User Forty One','C',0),('user42','User Forty Two','A',42000),
 ('user43','User Forty Three','B',2500),('user44','User Forty Four','C',0),
 ('user45','User Forty Five','A',45000),('user46','User Forty Six','B',2700),
 ('user47','User Forty Seven','C',0),('user48','User Forty Eight','A',48000);

-- NEW members with NO order history (AUTO_INCREMENT lands at 49+). Their first order hits
-- the zero-history branch in PointManager.earn and gets the +500 welcome bonus. Members 1-3
-- (and 9-48 above) all have seed orders, so their first new order sees total>0 and gets +0.
INSERT INTO member (login_id, name, grade, point) VALUES
 ('newbie1','Newbie One','C',0),('newbie2','Newbie Two','B',0);

-- ---------- (B) 64 NEW products: status='DISCONTINUED' ONLY -> findAllOnSale stays 14 ----------
-- never ACCESSORY, name never contains 'Keyboard', price never <=10000 (belt-and-suspenders for
-- search 1/3/1; search also hardcodes statuses IN('ON_SALE')). product_id AUTO_INCREMENT from 23.
-- Reuse the 6 existing seller_name + 5 non-ACCESSORY categories so sellerSettlement looks production-sized.
-- Include ONE NULL-category row so the complex-SQL COALESCE/'UNCATEGORIZED' branch (c)/(e) is exercised.
INSERT INTO product (name, category, price, seller_name, status) VALUES
 ('Discontinued Monitor 24in','ELECTRONICS',180000,'Acme Corp','DISCONTINUED'),
 ('Discontinued Monitor 27in','ELECTRONICS',240000,'Acme Corp','DISCONTINUED'),
 ('Legacy Router AC1200','ELECTRONICS',62000,'SoundLab','DISCONTINUED'),
 ('Archive Monitor',NULL,99000,'Acme Corp','DISCONTINUED'),
 ('Vintage Amplifier','ELECTRONICS',155000,'SoundLab','DISCONTINUED'),
 ('Heritage Floor Lamp','HOME',88000,'Deskwork','DISCONTINUED'),
 ('Retired Standing Desk','HOME',310000,'Deskwork','DISCONTINUED'),
 ('Classic Wool Coat','FASHION',220000,'Wearwell','DISCONTINUED'),
 ('Discontinued Denim Jacket','FASHION',96000,'Wearwell','DISCONTINUED'),
 ('Old Trail Tent','SPORTS',175000,'FleetFoot','DISCONTINUED'),
 ('Retired Bike Helmet','SPORTS',64000,'FleetFoot','DISCONTINUED'),
 ('Out-of-Print Algorithms (Book)','BOOKS',52000,'TechPress','DISCONTINUED'),
 ('Archived Networking (Book)','BOOKS',47000,'TechPress','DISCONTINUED'),
 ('Discontinued 4K TV','ELECTRONICS',390000,'Acme Corp','DISCONTINUED'),
 ('Legacy Soundbar','ELECTRONICS',128000,'SoundLab','DISCONTINUED'),
 ('Retired Recliner','HOME',280000,'Deskwork','DISCONTINUED'),
 ('Vintage Bookshelf','HOME',135000,'Deskwork','DISCONTINUED'),
 ('Classic Leather Bag','FASHION',168000,'Wearwell','DISCONTINUED'),
 ('Discontinued Parka','FASHION',204000,'Wearwell','DISCONTINUED'),
 ('Old Climbing Rope','SPORTS',58000,'FleetFoot','DISCONTINUED'),
 ('Retired Treadmill','SPORTS',360000,'FleetFoot','DISCONTINUED'),
 ('Out-of-Print Compilers (Book)','BOOKS',61000,'TechPress','DISCONTINUED'),
 ('Archived Databases (Book)','BOOKS',49000,'TechPress','DISCONTINUED'),
 ('Discontinued Projector','ELECTRONICS',275000,'Acme Corp','DISCONTINUED'),
 ('Legacy NAS Drive','ELECTRONICS',210000,'SoundLab','DISCONTINUED'),
 ('Retired Coffee Table','HOME',119000,'Deskwork','DISCONTINUED'),
 ('Vintage Wardrobe','HOME',330000,'Deskwork','DISCONTINUED'),
 ('Classic Trench Coat','FASHION',189000,'Wearwell','DISCONTINUED'),
 ('Discontinued Sweater','FASHION',73000,'Wearwell','DISCONTINUED'),
 ('Old Ski Goggles','SPORTS',45000,'FleetFoot','DISCONTINUED'),
 ('Retired Rowing Machine','SPORTS',420000,'FleetFoot','DISCONTINUED'),
 ('Out-of-Print Operating Systems (Book)','BOOKS',55000,'TechPress','DISCONTINUED'),
 ('Archived Cryptography (Book)','BOOKS',58000,'TechPress','DISCONTINUED'),
 ('Discontinued Smart Speaker','ELECTRONICS',74000,'Acme Corp','DISCONTINUED'),
 ('Legacy Graphics Tablet','ELECTRONICS',132000,'SoundLab','DISCONTINUED'),
 ('Retired Dining Set','HOME',295000,'Deskwork','DISCONTINUED'),
 ('Vintage Sideboard','HOME',158000,'Deskwork','DISCONTINUED'),
 ('Classic Pea Coat','FASHION',146000,'Wearwell','DISCONTINUED'),
 ('Discontinued Raincoat','FASHION',84000,'Wearwell','DISCONTINUED'),
 ('Old Surf Wetsuit','SPORTS',112000,'FleetFoot','DISCONTINUED'),
 ('Retired Elliptical','SPORTS',380000,'FleetFoot','DISCONTINUED'),
 ('Out-of-Print Distributed Systems (Book)','BOOKS',63000,'TechPress','DISCONTINUED'),
 ('Archived Machine Learning (Book)','BOOKS',67000,'TechPress','DISCONTINUED'),
 ('Discontinued Drone','ELECTRONICS',340000,'Acme Corp','DISCONTINUED'),
 ('Legacy E-Reader','ELECTRONICS',96000,'SoundLab','DISCONTINUED'),
 ('Retired Bar Stool Set','HOME',102000,'Deskwork','DISCONTINUED'),
 ('Vintage Armchair','HOME',187000,'Deskwork','DISCONTINUED'),
 ('Classic Blazer','FASHION',157000,'Wearwell','DISCONTINUED'),
 ('Discontinued Hoodie','FASHION',62000,'Wearwell','DISCONTINUED'),
 ('Old Kayak Paddle','SPORTS',71000,'FleetFoot','DISCONTINUED'),
 ('Retired Spin Bike','SPORTS',265000,'FleetFoot','DISCONTINUED'),
 ('Out-of-Print Computer Networks (Book)','BOOKS',54000,'TechPress','DISCONTINUED'),
 ('Archived Data Mining (Book)','BOOKS',51000,'TechPress','DISCONTINUED'),
 ('Discontinued Action Camera','ELECTRONICS',118000,'Acme Corp','DISCONTINUED'),
 ('Legacy Mini PC','ELECTRONICS',245000,'SoundLab','DISCONTINUED'),
 ('Retired Office Cabinet','HOME',143000,'Deskwork','DISCONTINUED'),
 ('Vintage Rug','HOME',79000,'Deskwork','DISCONTINUED'),
 ('Classic Field Jacket','FASHION',173000,'Wearwell','DISCONTINUED'),
 ('Discontinued Cardigan','FASHION',69000,'Wearwell','DISCONTINUED'),
 ('Old Tennis Racket','SPORTS',88000,'FleetFoot','DISCONTINUED'),
 ('Retired Weight Bench','SPORTS',198000,'FleetFoot','DISCONTINUED'),
 ('Out-of-Print Software Architecture (Book)','BOOKS',66000,'TechPress','DISCONTINUED'),
 ('Archived Deep Learning (Book)','BOOKS',72000,'TechPress','DISCONTINUED'),
 ('Out-of-Print Concurrency (Book)','BOOKS',59000,'TechPress','DISCONTINUED');
-- 64 options, ONE per new product (product_id 23..86), option_id AUTO_INCREMENT from 27.
INSERT INTO product_option (product_id, option_name, extra_price, stock_qty) VALUES
 (23,'Default',0,0),(24,'Default',0,0),(25,'Default',0,0),(26,'Default',0,0),
 (27,'Default',0,0),(28,'Default',0,0),(29,'Default',0,0),(30,'Default',0,0),
 (31,'Default',0,0),(32,'Default',0,0),(33,'Default',0,0),(34,'Default',0,0),
 (35,'Default',0,0),(36,'Default',0,0),(37,'Default',0,0),(38,'Default',0,0),
 (39,'Default',0,0),(40,'Default',0,0),(41,'Default',0,0),(42,'Default',0,0),
 (43,'Default',0,0),(44,'Default',0,0),(45,'Default',0,0),(46,'Default',0,0),
 (47,'Default',0,0),(48,'Default',0,0),(49,'Default',0,0),(50,'Default',0,0),
 (51,'Default',0,0),(52,'Default',0,0),(53,'Default',0,0),(54,'Default',0,0),
 (55,'Default',0,0),(56,'Default',0,0),(57,'Default',0,0),(58,'Default',0,0),
 (59,'Default',0,0),(60,'Default',0,0),(61,'Default',0,0),(62,'Default',0,0),
 (63,'Default',0,0),(64,'Default',0,0),(65,'Default',0,0),(66,'Default',0,0),
 (67,'Default',0,0),(68,'Default',0,0),(69,'Default',0,0),(70,'Default',0,0),
 (71,'Default',0,0),(72,'Default',0,0),(73,'Default',0,0),(74,'Default',0,0),
 (75,'Default',0,0),(76,'Default',0,0),(77,'Default',0,0),(78,'Default',0,0),
 (79,'Default',0,0),(80,'Default',0,0),(81,'Default',0,0),(82,'Default',0,0),
 (83,'Default',0,0),(84,'Default',0,0),(85,'Default',0,0),(86,'Default',0,0);

-- ---------- (C) 120 historical orders: EXPLICIT order_id 201..320 ----------
-- status=2 (paid) so they feed bestSellers/dailySales/sellerSettlement + the Report2 statements;
-- include ONE status=3 (cancelled) row to populate the orderStatusBreakdown UNION branch (d).
-- order_date VARCHAR(8) spread across ~60 days so dailySales returns dozens of groups.
INSERT INTO orders (order_id, member_id, order_date, status, total_price, pay_method, pg_tid, approval_no, zipcode, address) VALUES
 (201, 9,'20260301',2, 62000,'CARD','TID-201','AP-201','06236','Seoul'),
 (202,12,'20260301',2,180000,'CARD','TID-202','AP-202','13494','Seongnam'),
 (203, 3,'20260302',2, 41000,'BANK','TID-203','AP-203','48058','Busan'),
 (204,10,'20260302',2, 75000,'CARD','TID-204','AP-204','06236','Seoul'),
 (205,13,'20260303',2,128000,'CARD','TID-205','AP-205','13494','Seongnam'),
 (206,14,'20260303',2, 22000,'BANK','TID-206','AP-206','48058','Busan'),
 (207,15,'20260304',2,210000,'CARD','TID-207','AP-207','06236','Seoul'),
 (208,16,'20260304',2, 38000,'CARD','TID-208','AP-208','13494','Seongnam'),
 (209,17,'20260305',2, 96000,'BANK','TID-209','AP-209','48058','Busan'),
 (210,18,'20260305',2,155000,'CARD','TID-210','AP-210','06236','Seoul'),
 (211,19,'20260306',2, 45000,'CARD','TID-211','AP-211','13494','Seongnam'),
 (212,20,'20260306',2, 89000,'CARD','TID-212','AP-212','48058','Busan'),
 (213,21,'20260307',2,310000,'CARD','TID-213','AP-213','06236','Seoul'),
 (214,22,'20260307',2, 19000,'BANK','TID-214','AP-214','13494','Seongnam'),
 (215,23,'20260308',2, 64000,'CARD','TID-215','AP-215','48058','Busan'),
 (216,24,'20260308',2,175000,'CARD','TID-216','AP-216','06236','Seoul'),
 (217,25,'20260309',2, 52000,'CARD','TID-217','AP-217','13494','Seongnam'),
 (218,26,'20260309',2,240000,'BANK','TID-218','AP-218','48058','Busan'),
 (219,27,'20260310',2, 34000,'CARD','TID-219','AP-219','06236','Seoul'),
 (220,28,'20260310',2,118000,'CARD','TID-220','AP-220','13494','Seongnam'),
 (221,29,'20260311',2, 26000,'CARD','TID-221','AP-221','48058','Busan'),
 (222,30,'20260311',2,390000,'CARD','TID-222','AP-222','06236','Seoul'),
 (223,31,'20260312',2, 73000,'BANK','TID-223','AP-223','13494','Seongnam'),
 (224,32,'20260312',2, 47000,'CARD','TID-224','AP-224','48058','Busan'),
 (225,33,'20260313',2,135000,'CARD','TID-225','AP-225','06236','Seoul'),
 (226,34,'20260313',2, 58000,'CARD','TID-226','AP-226','13494','Seongnam'),
 (227,35,'20260314',2,280000,'BANK','TID-227','AP-227','48058','Busan'),
 (228,36,'20260314',2, 88000,'CARD','TID-228','AP-228','06236','Seoul'),
 (229,37,'20260315',2,168000,'CARD','TID-229','AP-229','13494','Seongnam'),
 (230,38,'20260315',2, 49000,'CARD','TID-230','AP-230','48058','Busan'),
 (231,39,'20260316',2,204000,'CARD','TID-231','AP-231','06236','Seoul'),
 (232,40,'20260316',2, 61000,'BANK','TID-232','AP-232','13494','Seongnam'),
 (233,41,'20260317',2, 79000,'CARD','TID-233','AP-233','48058','Busan'),
 (234,42,'20260317',2,330000,'CARD','TID-234','AP-234','06236','Seoul'),
 (235,43,'20260318',2, 55000,'CARD','TID-235','AP-235','13494','Seongnam'),
 (236,44,'20260318',2,189000,'BANK','TID-236','AP-236','48058','Busan'),
 (237,45,'20260319',2, 45000,'CARD','TID-237','AP-237','06236','Seoul'),
 (238,46,'20260319',2,360000,'CARD','TID-238','AP-238','13494','Seongnam'),
 (239,47,'20260320',2, 67000,'CARD','TID-239','AP-239','48058','Busan'),
 (240,48,'20260320',2, 74000,'CARD','TID-240','AP-240','06236','Seoul'),
 (241, 9,'20260321',2,132000,'BANK','TID-241','AP-241','13494','Seongnam'),
 (242,10,'20260321',2,295000,'CARD','TID-242','AP-242','48058','Busan'),
 (243,11,'20260322',2, 84000,'CARD','TID-243','AP-243','06236','Seoul'),
 (244,12,'20260322',2,146000,'CARD','TID-244','AP-244','13494','Seongnam'),
 (245,13,'20260323',2,112000,'BANK','TID-245','AP-245','48058','Busan'),
 (246,14,'20260323',2,380000,'CARD','TID-246','AP-246','06236','Seoul'),
 (247,15,'20260324',2, 63000,'CARD','TID-247','AP-247','13494','Seongnam'),
 (248,16,'20260324',2, 96000,'CARD','TID-248','AP-248','48058','Busan'),
 (249,17,'20260325',2,340000,'CARD','TID-249','AP-249','06236','Seoul'),
 (250,18,'20260325',2,102000,'BANK','TID-250','AP-250','13494','Seongnam'),
 (251,19,'20260326',2,187000,'CARD','TID-251','AP-251','48058','Busan'),
 (252,20,'20260326',2,157000,'CARD','TID-252','AP-252','06236','Seoul'),
 (253,21,'20260327',2, 62000,'CARD','TID-253','AP-253','13494','Seongnam'),
 (254,22,'20260327',2, 71000,'BANK','TID-254','AP-254','48058','Busan'),
 (255,23,'20260328',2,265000,'CARD','TID-255','AP-255','06236','Seoul'),
 (256,24,'20260328',2, 54000,'CARD','TID-256','AP-256','13494','Seongnam'),
 (257,25,'20260329',2,118000,'CARD','TID-257','AP-257','48058','Busan'),
 (258,26,'20260329',2,245000,'CARD','TID-258','AP-258','06236','Seoul'),
 (259,27,'20260330',2,143000,'BANK','TID-259','AP-259','13494','Seongnam'),
 (260,28,'20260330',2, 79000,'CARD','TID-260','AP-260','48058','Busan'),
 (261,29,'20260401',2, 88000,'CARD','TID-261','AP-261','06236','Seoul'),
 (262,30,'20260401',2,198000,'CARD','TID-262','AP-262','13494','Seongnam'),
 (263,31,'20260402',2, 66000,'BANK','TID-263','AP-263','48058','Busan'),
 (264,32,'20260402',2, 72000,'CARD','TID-264','AP-264','06236','Seoul'),
 (265,33,'20260403',2,155000,'CARD','TID-265','AP-265','13494','Seongnam'),
 (266,34,'20260403',2, 88000,'CARD','TID-266','AP-266','48058','Busan'),
 (267,35,'20260404',2, 73000,'CARD','TID-267','AP-267','06236','Seoul'),
 (268,36,'20260404',2,310000,'BANK','TID-268','AP-268','13494','Seongnam'),
 (269,37,'20260405',2, 96000,'CARD','TID-269','AP-269','48058','Busan'),
 (270,38,'20260405',2,220000,'CARD','TID-270','AP-270','06236','Seoul'),
 (271,39,'20260406',2, 58000,'CARD','TID-271','AP-271','13494','Seongnam'),
 (272,40,'20260406',2,360000,'CARD','TID-272','AP-272','48058','Busan'),
 (273,41,'20260407',2, 52000,'BANK','TID-273','AP-273','06236','Seoul'),
 (274,42,'20260407',2,275000,'CARD','TID-274','AP-274','13494','Seongnam'),
 (275,43,'20260408',2, 47000,'CARD','TID-275','AP-275','48058','Busan'),
 (276,44,'20260408',2,210000,'CARD','TID-276','AP-276','06236','Seoul'),
 (277,45,'20260409',2,119000,'CARD','TID-277','AP-277','13494','Seongnam'),
 (278,46,'20260409',2,330000,'BANK','TID-278','AP-278','48058','Busan'),
 (279,47,'20260410',2, 84000,'CARD','TID-279','AP-279','06236','Seoul'),
 (280,48,'20260410',2,189000,'CARD','TID-280','AP-280','13494','Seongnam'),
 (281, 9,'20260411',2, 45000,'CARD','TID-281','AP-281','48058','Busan'),
 (282,10,'20260411',2,420000,'CARD','TID-282','AP-282','06236','Seoul'),
 (283,11,'20260412',2, 55000,'BANK','TID-283','AP-283','13494','Seongnam'),
 (284,12,'20260412',2,168000,'CARD','TID-284','AP-284','48058','Busan'),
 (285,13,'20260413',2, 67000,'CARD','TID-285','AP-285','06236','Seoul'),
 (286,14,'20260413',2,146000,'CARD','TID-286','AP-286','13494','Seongnam'),
 (287,15,'20260414',2, 74000,'CARD','TID-287','AP-287','48058','Busan'),
 (288,16,'20260414',2,132000,'BANK','TID-288','AP-288','06236','Seoul'),
 (289,17,'20260415',2,295000,'CARD','TID-289','AP-289','13494','Seongnam'),
 (290,18,'20260415',2, 84000,'CARD','TID-290','AP-290','48058','Busan'),
 (291,19,'20260416',2,158000,'CARD','TID-291','AP-291','06236','Seoul'),
 (292,20,'20260416',2,112000,'CARD','TID-292','AP-292','13494','Seongnam'),
 (293,21,'20260417',2,380000,'BANK','TID-293','AP-293','48058','Busan'),
 (294,22,'20260417',2, 63000,'CARD','TID-294','AP-294','06236','Seoul'),
 (295,23,'20260418',2, 96000,'CARD','TID-295','AP-295','13494','Seongnam'),
 (296,24,'20260418',2,340000,'CARD','TID-296','AP-296','48058','Busan'),
 (297,25,'20260419',2,102000,'CARD','TID-297','AP-297','06236','Seoul'),
 (298,26,'20260419',2,187000,'BANK','TID-298','AP-298','13494','Seongnam'),
 (299,27,'20260420',2,157000,'CARD','TID-299','AP-299','48058','Busan'),
 (300,28,'20260420',2, 62000,'CARD','TID-300','AP-300','06236','Seoul'),
 (301,29,'20260421',2, 71000,'CARD','TID-301','AP-301','13494','Seongnam'),
 (302,30,'20260421',2,265000,'CARD','TID-302','AP-302','48058','Busan'),
 (303,31,'20260422',2, 54000,'BANK','TID-303','AP-303','06236','Seoul'),
 (304,32,'20260422',2,118000,'CARD','TID-304','AP-304','13494','Seongnam'),
 (305,33,'20260423',2,245000,'CARD','TID-305','AP-305','48058','Busan'),
 (306,34,'20260423',2,143000,'CARD','TID-306','AP-306','06236','Seoul'),
 (307,35,'20260424',2, 79000,'CARD','TID-307','AP-307','13494','Seongnam'),
 (308,36,'20260424',2, 88000,'BANK','TID-308','AP-308','48058','Busan'),
 (309,37,'20260425',2,198000,'CARD','TID-309','AP-309','06236','Seoul'),
 (310,38,'20260425',2, 66000,'CARD','TID-310','AP-310','13494','Seongnam'),
 (311,39,'20260426',2,155000,'CARD','TID-311','AP-311','48058','Busan'),
 (312,40,'20260426',2, 72000,'CARD','TID-312','AP-312','06236','Seoul'),
 (313,41,'20260427',2,310000,'BANK','TID-313','AP-313','13494','Seongnam'),
 (314,42,'20260427',2, 96000,'CARD','TID-314','AP-314','48058','Busan'),
 (315,43,'20260428',2,220000,'CARD','TID-315','AP-315','06236','Seoul'),
 (316,44,'20260428',2, 58000,'CARD','TID-316','AP-316','13494','Seongnam'),
 (317,45,'20260429',2,360000,'CARD','TID-317','AP-317','48058','Busan'),
 (318,46,'20260429',2, 52000,'BANK','TID-318','AP-318','06236','Seoul'),
 (319,47,'20260430',2,275000,'CARD','TID-319','AP-319','13494','Seongnam'),
 (320, 9,'20260430',3,  9000,'CARD','TID-320','AP-320','06236','Seoul');  -- status=3 for UNION branch
-- ~156 order_items (auto order_item_id). option_id references existing 1..26 AND new 27..90.
-- every order 201..320 gets 1-2 items, option_id cycling 1..90, qty 1..8.
INSERT INTO order_item (order_id, option_id, qty, unit_price) VALUES
 (201,27,1,62000),(202,1,2,15000),(202,8,1,45000),(203,33,1,41000),
 (204,11,1,28000),(204,3,2,5000),(205,30,1,128000),(206,14,1,22000),
 (207,12,1,210000),(208,13,1,38000),(209,44,1,96000),(210,31,1,155000),
 (211,8,1,45000),(211,1,1,15000),(212,2,1,89000),(213,7,1,310000),
 (214,4,3,5000),(215,35,1,64000),(216,34,1,175000),(217,36,1,52000),
 (218,2,1,89000),(218,9,1,159000),(219,17,1,34000),(220,57,1,118000),
 (221,21,1,26000),(222,38,1,390000),(223,53,1,73000),(224,37,1,47000),
 (225,41,1,135000),(226,44,1,58000),(227,40,1,280000),(228,63,1,88000),
 (229,42,1,168000),(230,37,1,49000),(231,43,1,204000),(232,46,1,61000),
 (233,60,1,79000),(234,51,1,330000),(235,56,1,55000),(236,52,1,189000),
 (237,8,1,45000),(238,65,1,360000),(239,66,1,67000),(240,58,1,74000),
 (241,59,1,132000),(242,60,1,295000),(243,63,1,84000),(244,62,1,146000),
 (245,64,1,112000),(246,65,1,380000),(247,46,1,63000),(248,68,1,96000),
 (249,68,1,340000),(250,70,1,102000),(251,71,1,187000),(252,82,1,157000),
 (253,27,1,62000),(254,74,1,71000),(255,74,1,265000),(256,80,1,54000),
 (257,57,1,118000),(258,78,1,245000),(259,80,1,143000),(260,60,1,79000),
 (261,63,1,88000),(262,84,1,198000),(263,87,1,66000),(264,58,1,72000),
 (265,32,1,155000),(266,63,1,88000),(267,53,1,73000),(268,29,1,310000),
 (269,44,1,96000),(270,57,1,220000),(271,44,1,58000),(272,65,1,360000),
 (273,36,1,52000),(274,47,1,275000),(275,37,1,47000),(276,1,14,15000),
 (277,49,1,119000),(278,51,1,330000),(279,63,1,84000),(280,52,1,189000),
 (281,8,1,45000),(282,55,1,420000),(283,56,1,55000),(284,42,1,168000),
 (285,66,1,67000),(286,62,1,146000),(287,58,1,74000),(288,59,1,132000),
 (289,60,1,295000),(290,63,1,84000),(291,82,1,158000),(292,64,1,112000),
 (293,65,1,380000),(294,46,1,63000),(295,68,1,96000),(296,68,1,340000),
 (297,70,1,102000),(298,71,1,187000),(299,82,1,157000),(300,27,1,62000),
 (301,74,1,71000),(302,74,1,265000),(303,80,1,54000),(304,57,1,118000),
 (305,78,1,245000),(306,80,1,143000),(307,60,1,79000),(308,63,1,88000),
 (309,84,1,198000),(310,87,1,66000),(311,32,1,155000),(312,58,1,72000),
 (313,29,1,310000),(314,44,1,96000),(315,57,1,220000),(316,44,1,58000),
 (317,65,1,360000),(318,36,1,52000),(319,47,1,275000),(320,3,1,5000),
 (201,18,1,0),(207,11,2,28000),(213,5,1,6000),(222,20,1,0),
 (234,16,1,89000),(246,1,2,15000),(258,13,1,38000),(270,8,1,45000),
 (282,2,1,89000),(294,9,1,159000),(306,12,1,210000),(318,17,1,34000),
 (205,1,1,15000),(217,4,2,5000),(229,8,1,45000),(241,11,1,28000),
 (253,14,1,22000),(265,2,1,89000),(277,9,1,159000),(289,12,1,210000),
 (301,17,1,34000),(313,1,3,15000),(208,5,1,6000),(220,13,1,38000),
 (232,16,1,89000),(244,8,1,45000),(256,11,1,28000),(268,1,1,15000),
 (280,4,1,5000),(292,2,1,89000),(304,9,1,159000),(316,14,2,22000);
-- 120 order_settlement (PK=order_id 201..320; none existed for 101-115, so no collision).
-- reg_date = matching order_date.
INSERT INTO order_settlement (order_id, item_total, discount, use_point, pay_amount, shipping_fee, vat, grand_total, reg_date) VALUES
 (201, 62000,0,0, 62000,2500,5909, 64500,'20260301'),
 (202,180000,5000,0,175000,0,15909,175000,'20260301'),
 (203, 41000,0,0, 41000,2500,3909, 43500,'20260302'),
 (204, 75000,0,0, 75000,0,6818, 75000,'20260302'),
 (205,128000,0,0,128000,0,11636,128000,'20260303'),
 (206, 22000,0,0, 22000,2500,2227, 24500,'20260303'),
 (207,210000,0,0,210000,0,19090,210000,'20260304'),
 (208, 38000,0,0, 38000,2500,3681, 40500,'20260304'),
 (209, 96000,0,0, 96000,0,8727, 96000,'20260305'),
 (210,155000,0,0,155000,0,14090,155000,'20260305'),
 (211, 45000,0,0, 45000,2500,4318, 47500,'20260306'),
 (212, 89000,0,0, 89000,0,8090, 89000,'20260306'),
 (213,310000,0,0,310000,0,28181,310000,'20260307'),
 (214, 19000,0,0, 19000,2500,1954, 21500,'20260307'),
 (215, 64000,0,0, 64000,0,5818, 64000,'20260308'),
 (216,175000,0,0,175000,0,15909,175000,'20260308'),
 (217, 52000,0,0, 52000,2500,4954, 54500,'20260309'),
 (218,240000,0,0,240000,0,21818,240000,'20260309'),
 (219, 34000,0,0, 34000,2500,3318, 36500,'20260310'),
 (220,118000,0,0,118000,0,10727,118000,'20260310'),
 (221, 26000,0,0, 26000,2500,2590, 28500,'20260311'),
 (222,390000,0,0,390000,0,35454,390000,'20260311'),
 (223, 73000,0,0, 73000,0,6636, 73000,'20260312'),
 (224, 47000,0,0, 47000,2500,4500, 49500,'20260312'),
 (225,135000,0,0,135000,0,12272,135000,'20260313'),
 (226, 58000,0,0, 58000,0,5272, 58000,'20260313'),
 (227,280000,0,0,280000,0,25454,280000,'20260314'),
 (228, 88000,0,0, 88000,0,8000, 88000,'20260314'),
 (229,168000,0,0,168000,0,15272,168000,'20260315'),
 (230, 49000,0,0, 49000,2500,4681, 51500,'20260315'),
 (231,204000,0,0,204000,0,18545,204000,'20260316'),
 (232, 61000,0,0, 61000,0,5545, 61000,'20260316'),
 (233, 79000,0,0, 79000,0,7181, 79000,'20260317'),
 (234,330000,0,0,330000,0,30000,330000,'20260317'),
 (235, 55000,0,0, 55000,0,5000, 55000,'20260318'),
 (236,189000,0,0,189000,0,17181,189000,'20260318'),
 (237, 45000,0,0, 45000,2500,4318, 47500,'20260319'),
 (238,360000,0,0,360000,0,32727,360000,'20260319'),
 (239, 67000,0,0, 67000,0,6090, 67000,'20260320'),
 (240, 74000,0,0, 74000,0,6727, 74000,'20260320'),
 (241,132000,0,0,132000,0,12000,132000,'20260321'),
 (242,295000,0,0,295000,0,26818,295000,'20260321'),
 (243, 84000,0,0, 84000,0,7636, 84000,'20260322'),
 (244,146000,0,0,146000,0,13272,146000,'20260322'),
 (245,112000,0,0,112000,0,10181,112000,'20260323'),
 (246,380000,0,0,380000,0,34545,380000,'20260323'),
 (247, 63000,0,0, 63000,0,5727, 63000,'20260324'),
 (248, 96000,0,0, 96000,0,8727, 96000,'20260324'),
 (249,340000,0,0,340000,0,30909,340000,'20260325'),
 (250,102000,0,0,102000,0,9272,102000,'20260325'),
 (251,187000,0,0,187000,0,17000,187000,'20260326'),
 (252,157000,0,0,157000,0,14272,157000,'20260326'),
 (253, 62000,0,0, 62000,0,5636, 62000,'20260327'),
 (254, 71000,0,0, 71000,0,6454, 71000,'20260327'),
 (255,265000,0,0,265000,0,24090,265000,'20260328'),
 (256, 54000,0,0, 54000,0,4909, 54000,'20260328'),
 (257,118000,0,0,118000,0,10727,118000,'20260329'),
 (258,245000,0,0,245000,0,22272,245000,'20260329'),
 (259,143000,0,0,143000,0,13000,143000,'20260330'),
 (260, 79000,0,0, 79000,0,7181, 79000,'20260330'),
 (261, 88000,0,0, 88000,0,8000, 88000,'20260401'),
 (262,198000,0,0,198000,0,18000,198000,'20260401'),
 (263, 66000,0,0, 66000,0,6000, 66000,'20260402'),
 (264, 72000,0,0, 72000,0,6545, 72000,'20260402'),
 (265,155000,0,0,155000,0,14090,155000,'20260403'),
 (266, 88000,0,0, 88000,0,8000, 88000,'20260403'),
 (267, 73000,0,0, 73000,0,6636, 73000,'20260404'),
 (268,310000,0,0,310000,0,28181,310000,'20260404'),
 (269, 96000,0,0, 96000,0,8727, 96000,'20260405'),
 (270,220000,0,0,220000,0,20000,220000,'20260405'),
 (271, 58000,0,0, 58000,0,5272, 58000,'20260406'),
 (272,360000,0,0,360000,0,32727,360000,'20260406'),
 (273, 52000,0,0, 52000,0,4727, 52000,'20260407'),
 (274,275000,0,0,275000,0,25000,275000,'20260407'),
 (275, 47000,0,0, 47000,2500,4500, 49500,'20260408'),
 (276,210000,0,0,210000,0,19090,210000,'20260408'),
 (277,119000,0,0,119000,0,10818,119000,'20260409'),
 (278,330000,0,0,330000,0,30000,330000,'20260409'),
 (279, 84000,0,0, 84000,0,7636, 84000,'20260410'),
 (280,189000,0,0,189000,0,17181,189000,'20260410'),
 (281, 45000,0,0, 45000,2500,4318, 47500,'20260411'),
 (282,420000,0,0,420000,0,38181,420000,'20260411'),
 (283, 55000,0,0, 55000,0,5000, 55000,'20260412'),
 (284,168000,0,0,168000,0,15272,168000,'20260412'),
 (285, 67000,0,0, 67000,0,6090, 67000,'20260413'),
 (286,146000,0,0,146000,0,13272,146000,'20260413'),
 (287, 74000,0,0, 74000,0,6727, 74000,'20260414'),
 (288,132000,0,0,132000,0,12000,132000,'20260414'),
 (289,295000,0,0,295000,0,26818,295000,'20260415'),
 (290, 84000,0,0, 84000,0,7636, 84000,'20260415'),
 (291,158000,0,0,158000,0,14363,158000,'20260416'),
 (292,112000,0,0,112000,0,10181,112000,'20260416'),
 (293,380000,0,0,380000,0,34545,380000,'20260417'),
 (294, 63000,0,0, 63000,0,5727, 63000,'20260417'),
 (295, 96000,0,0, 96000,0,8727, 96000,'20260418'),
 (296,340000,0,0,340000,0,30909,340000,'20260418'),
 (297,102000,0,0,102000,0,9272,102000,'20260419'),
 (298,187000,0,0,187000,0,17000,187000,'20260419'),
 (299,157000,0,0,157000,0,14272,157000,'20260420'),
 (300, 62000,0,0, 62000,0,5636, 62000,'20260420'),
 (301, 71000,0,0, 71000,0,6454, 71000,'20260421'),
 (302,265000,0,0,265000,0,24090,265000,'20260421'),
 (303, 54000,0,0, 54000,0,4909, 54000,'20260422'),
 (304,118000,0,0,118000,0,10727,118000,'20260422'),
 (305,245000,0,0,245000,0,22272,245000,'20260423'),
 (306,143000,0,0,143000,0,13000,143000,'20260423'),
 (307, 79000,0,0, 79000,0,7181, 79000,'20260424'),
 (308, 88000,0,0, 88000,0,8000, 88000,'20260424'),
 (309,198000,0,0,198000,0,18000,198000,'20260425'),
 (310, 66000,0,0, 66000,0,6000, 66000,'20260425'),
 (311,155000,0,0,155000,0,14090,155000,'20260426'),
 (312, 72000,0,0, 72000,0,6545, 72000,'20260426'),
 (313,310000,0,0,310000,0,28181,310000,'20260427'),
 (314, 96000,0,0, 96000,0,8727, 96000,'20260427'),
 (315,220000,0,0,220000,0,20000,220000,'20260428'),
 (316, 58000,0,0, 58000,0,5272, 58000,'20260428'),
 (317,360000,0,0,360000,0,32727,360000,'20260429'),
 (318, 52000,0,0, 52000,0,4727, 52000,'20260429'),
 (319,275000,0,0,275000,0,25000,275000,'20260430'),
 (320,  9000,0,0,  9000,2500,1045, 11500,'20260430');
-- 120 inventory_log (auto log_id). option_id matches each order's primary item.
INSERT INTO inventory_log (option_id, change_qty, reason, reg_date) VALUES
 (27,-1,'ORDER','20260301'),(1,-2,'ORDER','20260301'),(33,-1,'ORDER','20260302'),
 (11,-1,'ORDER','20260302'),(30,-1,'ORDER','20260303'),(14,-1,'ORDER','20260303'),
 (12,-1,'ORDER','20260304'),(13,-1,'ORDER','20260304'),(44,-1,'ORDER','20260305'),
 (31,-1,'ORDER','20260305'),(8,-1,'ORDER','20260306'),(2,-1,'ORDER','20260306'),
 (7,-1,'ORDER','20260307'),(4,-3,'ORDER','20260307'),(35,-1,'ORDER','20260308'),
 (34,-1,'ORDER','20260308'),(36,-1,'ORDER','20260309'),(2,-1,'ORDER','20260309'),
 (17,-1,'ORDER','20260310'),(57,-1,'ORDER','20260310'),(21,-1,'ORDER','20260311'),
 (38,-1,'ORDER','20260311'),(53,-1,'ORDER','20260312'),(37,-1,'ORDER','20260312'),
 (41,-1,'ORDER','20260313'),(44,-1,'ORDER','20260313'),(40,-1,'ORDER','20260314'),
 (63,-1,'ORDER','20260314'),(42,-1,'ORDER','20260315'),(37,-1,'ORDER','20260315'),
 (43,-1,'ORDER','20260316'),(46,-1,'ORDER','20260316'),(60,-1,'ORDER','20260317'),
 (51,-1,'ORDER','20260317'),(56,-1,'ORDER','20260318'),(52,-1,'ORDER','20260318'),
 (8,-1,'ORDER','20260319'),(65,-1,'ORDER','20260319'),(66,-1,'ORDER','20260320'),
 (58,-1,'ORDER','20260320'),(59,-1,'ORDER','20260321'),(60,-1,'ORDER','20260321'),
 (63,-1,'ORDER','20260322'),(62,-1,'ORDER','20260322'),(64,-1,'ORDER','20260323'),
 (65,-1,'ORDER','20260323'),(46,-1,'ORDER','20260324'),(68,-1,'ORDER','20260324'),
 (68,-1,'ORDER','20260325'),(70,-1,'ORDER','20260325'),(71,-1,'ORDER','20260326'),
 (82,-1,'ORDER','20260326'),(27,-1,'ORDER','20260327'),(74,-1,'ORDER','20260327'),
 (74,-1,'ORDER','20260328'),(80,-1,'ORDER','20260328'),(57,-1,'ORDER','20260329'),
 (78,-1,'ORDER','20260329'),(80,-1,'ORDER','20260330'),(60,-1,'ORDER','20260330'),
 (63,-1,'ORDER','20260401'),(84,-1,'ORDER','20260401'),(87,-1,'ORDER','20260402'),
 (58,-1,'ORDER','20260402'),(32,-1,'ORDER','20260403'),(63,-1,'ORDER','20260403'),
 (53,-1,'ORDER','20260404'),(29,-1,'ORDER','20260404'),(44,-1,'ORDER','20260405'),
 (57,-1,'ORDER','20260405'),(44,-1,'ORDER','20260406'),(65,-1,'ORDER','20260406'),
 (36,-1,'ORDER','20260407'),(47,-1,'ORDER','20260407'),(37,-1,'ORDER','20260408'),
 (1,-14,'ORDER','20260408'),(49,-1,'ORDER','20260409'),(51,-1,'ORDER','20260409'),
 (63,-1,'ORDER','20260410'),(52,-1,'ORDER','20260410'),(8,-1,'ORDER','20260411'),
 (55,-1,'ORDER','20260411'),(56,-1,'ORDER','20260412'),(42,-1,'ORDER','20260412'),
 (66,-1,'ORDER','20260413'),(62,-1,'ORDER','20260413'),(58,-1,'ORDER','20260414'),
 (59,-1,'ORDER','20260414'),(60,-1,'ORDER','20260415'),(63,-1,'ORDER','20260415'),
 (82,-1,'ORDER','20260416'),(64,-1,'ORDER','20260416'),(65,-1,'ORDER','20260417'),
 (46,-1,'ORDER','20260417'),(68,-1,'ORDER','20260418'),(68,-1,'ORDER','20260418'),
 (70,-1,'ORDER','20260419'),(71,-1,'ORDER','20260419'),(82,-1,'ORDER','20260420'),
 (27,-1,'ORDER','20260420'),(74,-1,'ORDER','20260421'),(74,-1,'ORDER','20260421'),
 (80,-1,'ORDER','20260422'),(57,-1,'ORDER','20260422'),(78,-1,'ORDER','20260423'),
 (80,-1,'ORDER','20260423'),(60,-1,'ORDER','20260424'),(63,-1,'ORDER','20260424'),
 (84,-1,'ORDER','20260425'),(87,-1,'ORDER','20260425'),(32,-1,'ORDER','20260426'),
 (58,-1,'ORDER','20260426'),(29,-1,'ORDER','20260427'),(44,-1,'ORDER','20260427'),
 (57,-1,'ORDER','20260428'),(44,-1,'ORDER','20260428'),(65,500,'RESTOCK','20260429'),
 (36,-1,'ORDER','20260429'),(47,-1,'ORDER','20260430'),(3,-1,'ORDER','20260430');

-- ---------- (D) BATCH point-expiry seed: member_id>=9 ONLY (baseline-safe) ----------
INSERT INTO point_expiry (member_id, grant_amount, expire_date, swept_yn) VALUES
 ( 9, 1000,'20240101','N'),   -- aged -> expired into point_ledger on boot sweep
 (10,  500,'20240101','N'),
 ( 9,  300,'20991231','N');   -- future -> stays, proves the cutoff filter
-- settlement_daily intentionally empty: SettlementBatch.run() populates it on the boot run.

-- ---------- (D2) category-restricted coupons (code 'CAT-<CATEGORY>'; AUTO_INCREMENT ids 6+) ----------
-- OrderBiz.applyCoupon honors a CAT- coupon only when that category still has ON_SALE stock.
-- CAT-ELECTRONICS: ELECTRONICS has ON_SALE products -> gate passes -> 2000 discount applies.
-- CAT-TOYS: no TOYS product exists -> on-sale count 0 -> gate voids the coupon -> 0 discount.
-- Both are min_order 0, far-future expiry, unused. Baseline coupons 1/3 are not CAT- -> untouched.
INSERT INTO coupon (code, discount_type, discount_val, min_order, expire_date, used_yn) VALUES
 ('CAT-ELECTRONICS','F',2000,0,'20991231','N'),
 ('CAT-TOYS','F',3000,0,'20991231','N');

-- ---------- (E) DOMAIN seed: cart / promotion / review / wishlist ----------
-- CART: open carts for new members; items reference EXISTING options 1/8/11 (no stock mutation at seed).
INSERT INTO cart (member_id, status, reg_date) VALUES (9,'OPEN','20260301'),(10,'OPEN','20260301');
INSERT INTO cart_item (cart_id, option_id, qty) VALUES (1,1,2),(1,8,1),(2,11,1);
-- PROMOTION: 2 ACTIVE + 1 ENDED; campaign_product maps to EXISTING ON_SALE product_ids (read-only joins).
INSERT INTO promotion (name, discount_type, discount_val, start_date, end_date, status) VALUES
 ('Spring Sale','R',10,'20260301','20991231','ACTIVE'),
 ('Flat 5000','F',5000,'20260301','20991231','ACTIVE'),
 ('Winter Clearance','F',3000,'20251201','20260201','ENDED');
INSERT INTO campaign_product (promotion_id, product_id) VALUES (1,1),(1,2),(1,5),(2,6),(2,7);
-- REVIEW (LARGE — drives scale): ~40-60 rows across products 1..16 + new members + members 1-3, ratings 1..5.
INSERT INTO review (product_id, member_id, rating, title, body, reg_date) VALUES
 (1, 9,5,'Great','Works well','20260302'),(1,10,4,'Good','Solid','20260302'),
 (2, 1,3,'Okay','Average','20260303'),(2,11,5,'Love it','Crisp keys','20260303'),
 (2,12,4,'Nice','Good typing','20260304'),(3,13,2,'Meh','Too short','20260304'),
 (3,14,5,'Perfect','Right length','20260305'),(4,15,1,'Bad','Dead pixels','20260305'),
 (5, 2,4,'Sturdy','Holds laptop','20260306'),(5,16,3,'Fine','A bit wobbly','20260306'),
 (6,17,5,'Sharp','Clear video','20260307'),(6,18,4,'Good cam','Works in calls','20260307'),
 (7, 3,5,'Quiet','Great ANC','20260308'),(7,19,4,'Comfy','Long sessions','20260308'),
 (8,20,3,'Okay hub','Runs warm','20260309'),(8,21,5,'Reliable','Many ports','20260309'),
 (9,22,4,'Comfy chair','Good support','20260310'),(9,23,2,'Squeaky','Needs oil','20260310'),
 (10,24,5,'Bright','Adjustable','20260311'),(10,25,4,'Nice lamp','Warm light','20260311'),
 (11,26,3,'Average tee','Shrinks','20260312'),(11, 1,4,'Soft','Good cotton','20260312'),
 (12,27,5,'Fast shoes','Light','20260313'),(12,28,4,'Good run','Cushioned','20260313'),
 (13,29,2,'Thin mat','Slips','20260314'),(13,30,5,'Grippy','No slip','20260314'),
 (14,31,4,'Keeps cold','Leak-free','20260315'),(14,32,3,'Okay tumbler','Dents','20260315'),
 (15,33,5,'Great book','Clear examples','20260316'),(15,34,4,'Helpful','Good depth','20260316'),
 (16,35,1,'Broken','Shutter stuck','20260317'),(16,36,2,'Disappointing','Light leak','20260317'),
 (1,37,4,'Reliable mouse','Good grip','20260318'),(2,38,5,'Best keyboard','Tactile','20260318'),
 (3,39,3,'Decent cable','Works','20260319'),(5,40,4,'Good stand','Stable','20260319'),
 (6,41,5,'Crisp cam','HD quality','20260320'),(7,42,4,'Solid headset','Comfy','20260320'),
 (9,43,3,'Okay chair','Average','20260321'),(11,44,5,'Great tee','Fits well','20260321'),
 (12,45,4,'Nice shoes','Durable','20260322'),(15,46,5,'Excellent','Recommended','20260322'),
 (4, 2,2,'Old model','Slow','20260323'),(8, 3,4,'Handy hub','Compact','20260323'),
 (10,47,5,'Love the lamp','Sleek','20260324'),(13,48,4,'Good mat','Cushioned','20260324'),
 (14, 9,3,'Decent','Keeps warm','20260325'),(16,10,1,'Returned','Faulty','20260325');
-- G3-3: deterministic helpful_count spread over existing review rows (additive; no new rows)
UPDATE review SET helpful_count = (review_id * 7) % 13;
-- WISHLIST: rows for new members + members 1-3 referencing existing product_ids 1..16
-- (mix of ON_SALE + SOLD_OUT for realistic onSaleCount).
INSERT INTO wishlist (member_id, product_id, reg_date) VALUES
 (9,1,'20260302'),(9,4,'20260302'),(10,7,'20260303'),(1,2,'20260303'),
 (11,9,'20260304'),(12,16,'20260304'),(13,5,'20260305'),(2,11,'20260305'),
 (14,12,'20260306'),(15,6,'20260306'),(3,8,'20260307'),(16,13,'20260307'),
 (17,15,'20260308'),(18,4,'20260308'),(9,10,'20260309'),(10,2,'20260309');
